{
  "project_info": {
    "project_number": "360582513245",
    "project_id": "bioskop-9badf",
    "storage_bucket": "bioskop-9badf.appspot.com"
  },
  "client": [
    {
      "client_info": {
        "mobilesdk_app_id": "1:360582513245:android:ef648ef5f1b74068b3c3b4",
        "android_client_info": {
          "package_name": "com.example.tiket_bioskop"
        }
      },
      "oauth_client": [
        {
          "client_id": "360582513245-c69aejk34b82spgd4ab7lncio67ea53s.apps.googleusercontent.com",
          "client_type": 1,
          "android_info": {
            "package_name": "com.example.tiket_bioskop",
            "certificate_hash": "01b95df61b1f5eaf916433b26351a11201a46e13"
          }
        },
        {
          "client_id": "360582513245-4jksajbtdqv99tirct50q6ppk930s05t.apps.googleusercontent.com",
          "client_type": 3
        }
      ],
      "api_key": [
        {
          "current_key": "AIzaSyButaiyQNGU3zTXH4x76qeTDa8v7YEhysE"
        }
      ],
      "services": {
        "appinvite_service": {
          "other_platform_oauth_client": [
            {
              "client_id": "360582513245-4jksajbtdqv99tirct50q6ppk930s05t.apps.googleusercontent.com",
              "client_type": 3
            }
          ]
        }
      }
    }
  ],
  "configuration_version": "1"
}